{
  "load_package": 0.014,
  "phase1": 0.047,
  "phase2a": 1023.389,
  "phase2a_per_chunk": {
    "div_src_test0001_3_000": 37.9032962962963,
    "div_src_test0001_3_001": 37.9032962962963,
    "div_src_test0001_3_002": 37.9032962962963,
    "div_src_test0001_3_003": 37.9032962962963,
    "div_src_test0001_3_004": 37.9032962962963,
    "div_src_test0001_3_005": 37.9032962962963,
    "div_src_test0001_3_006": 37.9032962962963,
    "div_src_test0001_3_007": 37.9032962962963,
    "div_src_test0001_3_008": 37.9032962962963,
    "div_src_test0001_3_009": 37.9032962962963,
    "div_src_test0001_3_010": 37.9032962962963,
    "div_src_test0001_3_011": 37.9032962962963,
    "div_src_test0001_3_012": 37.9032962962963,
    "div_src_test0001_3_013": 37.9032962962963,
    "div_src_test0001_3_014": 37.9032962962963,
    "div_src_test0001_3_015": 37.9032962962963,
    "div_src_test0001_3_016": 37.9032962962963,
    "div_src_test0001_3_017_pre": 37.9032962962963,
    "div_src_test0001_4_000": 37.9032962962963,
    "div_src_test0001_4_001": 37.9032962962963,
    "div_src_test0001_4_002": 37.9032962962963,
    "div_src_test0001_4_003": 37.9032962962963,
    "div_src_test0001_4_004": 37.9032962962963,
    "div_src_test0001_4_005": 37.9032962962963,
    "div_src_test0001_4_006": 37.9032962962963,
    "div_src_test0001_4_007": 37.9032962962963,
    "div_src_test0001_4_009": 37.9032962962963
  },
  "phase2b": 583.572,
  "phase2b_per_chunk": {
    "div_src_test0001_3_000": 21.613777777777777,
    "div_src_test0001_3_001": 21.613777777777777,
    "div_src_test0001_3_002": 21.613777777777777,
    "div_src_test0001_3_003": 21.613777777777777,
    "div_src_test0001_3_004": 21.613777777777777,
    "div_src_test0001_3_005": 21.613777777777777,
    "div_src_test0001_3_006": 21.613777777777777,
    "div_src_test0001_3_007": 21.613777777777777,
    "div_src_test0001_3_008": 21.613777777777777,
    "div_src_test0001_3_009": 21.613777777777777,
    "div_src_test0001_3_010": 21.613777777777777,
    "div_src_test0001_3_011": 21.613777777777777,
    "div_src_test0001_3_012": 21.613777777777777,
    "div_src_test0001_3_013": 21.613777777777777,
    "div_src_test0001_3_014": 21.613777777777777,
    "div_src_test0001_3_015": 21.613777777777777,
    "div_src_test0001_3_016": 21.613777777777777,
    "div_src_test0001_3_017_pre": 21.613777777777777,
    "div_src_test0001_4_000": 21.613777777777777,
    "div_src_test0001_4_001": 21.613777777777777,
    "div_src_test0001_4_002": 21.613777777777777,
    "div_src_test0001_4_003": 21.613777777777777,
    "div_src_test0001_4_004": 21.613777777777777,
    "div_src_test0001_4_005": 21.613777777777777,
    "div_src_test0001_4_006": 21.613777777777777,
    "div_src_test0001_4_007": 21.613777777777777,
    "div_src_test0001_4_009": 21.613777777777777
  },
  "phase3": 1062.486,
  "write_output": 0.047
}