{
  "packages": [
    {
      "name": "ext_39_masala",
      "excerpt_count": 200,
      "flag_counts": {
        "hadith_evidence_no_takhrij": 1,
        "school_consensus_disagreement": 4
      },
      "verification_skipped": 0,
      "llm_enrichment_failed": 0,
      "gate_count": 3,
      "error_count": 3,
      "errors": [
        "EX-V-002",
        "EX-V-002",
        "EX-V-002"
      ],
      "batch_elapsed_seconds": 0.0,
      "timing": {
        "load_package": 0.008,
        "phase1": 0.045,
        "phase2a": 446.795,
        "phase2a_per_chunk": {
          "div_src_test0001_2_000_pre": 27.9246875,
          "div_src_test0001_3_000": 27.9246875,
          "div_src_test0001_3_001": 27.9246875,
          "div_src_test0001_3_002": 27.9246875,
          "div_src_test0001_3_003": 27.9246875,
          "div_src_test0001_3_004": 27.9246875,
          "div_src_test0001_3_005": 27.9246875,
          "div_src_test0001_3_006": 27.9246875,
          "div_src_test0001_3_007": 27.9246875,
          "div_src_test0001_3_008": 27.9246875,
          "div_src_test0001_3_009": 27.9246875,
          "div_src_test0001_3_010": 27.9246875,
          "div_src_test0001_3_011": 27.9246875,
          "div_src_test0001_3_012": 27.9246875,
          "div_src_test0001_3_013_chunk_0": 27.9246875,
          "div_src_test0001_3_013_chunk_1": 27.9246875
        },
        "phase2b": 571.72,
        "phase2b_per_chunk": {
          "div_src_test0001_2_000_pre": 35.7325,
          "div_src_test0001_3_000": 35.7325,
          "div_src_test0001_3_001": 35.7325,
          "div_src_test0001_3_002": 35.7325,
          "div_src_test0001_3_003": 35.7325,
          "div_src_test0001_3_004": 35.7325,
          "div_src_test0001_3_005": 35.7325,
          "div_src_test0001_3_006": 35.7325,
          "div_src_test0001_3_007": 35.7325,
          "div_src_test0001_3_008": 35.7325,
          "div_src_test0001_3_009": 35.7325,
          "div_src_test0001_3_010": 35.7325,
          "div_src_test0001_3_011": 35.7325,
          "div_src_test0001_3_012": 35.7325,
          "div_src_test0001_3_013_chunk_0": 35.7325,
          "div_src_test0001_3_013_chunk_1": 35.7325
        },
        "phase3": 1283.19,
        "write_output": 0.035
      },
      "total_time_seconds": 2301.79,
      "retry_count": 0,
      "timeout_errors": 0,
      "chunk_count": 16,
      "max_chunk_words": 2703,
      "min_chunk_words": 107,
      "mean_chunk_words": 1158
    },
    {
      "name": "ext_46_qa",
      "excerpt_count": 277,
      "flag_counts": {
        "hadith_evidence_no_takhrij": 4,
        "school_consensus_disagreement": 1
      },
      "verification_skipped": 0,
      "llm_enrichment_failed": 0,
      "gate_count": 6,
      "error_count": 13,
      "errors": [
        "phase2a_chunk_failures:1",
        "EX-V-002",
        "EX-V-002",
        "EX-V-002",
        "EX-V-002",
        "EX-V-002",
        "EX-V-002",
        "EX-V-002",
        "EX-V-002",
        "EX-V-002",
        "EX-V-002",
        "EX-V-002",
        "EX-V-002"
      ],
      "batch_elapsed_seconds": 0.0,
      "timing": {
        "load_package": 0.03,
        "phase1": 0.087,
        "phase2a": 736.603,
        "phase2a_per_chunk": {
          "div_src_test0001_3_000_pre": 19.908189189189187,
          "div_src_test0001_5_000": 19.908189189189187,
          "div_src_test0001_5_002": 19.908189189189187,
          "div_src_test0001_5_003": 19.908189189189187,
          "div_src_test0001_5_004": 19.908189189189187,
          "div_src_test0001_5_005": 19.908189189189187,
          "div_src_test0001_5_006": 19.908189189189187,
          "div_src_test0001_5_007": 19.908189189189187,
          "div_src_test0001_5_008": 19.908189189189187,
          "div_src_test0001_5_001_pre": 19.908189189189187,
          "div_src_test0001_6_000": 19.908189189189187,
          "div_src_test0001_1_000_pre": 19.908189189189187,
          "div_src_test0001_6_001": 19.908189189189187,
          "div_src_test0001_3_001": 19.908189189189187,
          "div_src_test0001_3_003": 19.908189189189187,
          "div_src_test0001_3_002_pre": 19.908189189189187,
          "div_src_test0001_5_009": 19.908189189189187,
          "div_src_test0001_5_010_pre": 19.908189189189187,
          "div_src_test0001_6_002": 19.908189189189187,
          "div_src_test0001_3_004_pre": 19.908189189189187,
          "div_src_test0001_1_001_pre": 19.908189189189187,
          "div_src_test0001_3_005": 19.908189189189187,
          "div_src_test0001_1_002_pre": 19.908189189189187,
          "div_src_test0001_3_007": 19.908189189189187,
          "div_src_test0001_3_008": 19.908189189189187,
          "div_src_test0001_3_009": 19.908189189189187,
          "div_src_test0001_3_010": 19.908189189189187,
          "div_src_test0001_3_011_pre": 19.908189189189187,
          "div_src_test0001_6_004": 19.908189189189187,
          "div_src_test0001_5_011": 19.908189189189187,
          "div_src_test0001_5_012": 19.908189189189187,
          "div_src_test0001_5_013": 19.908189189189187,
          "div_src_test0001_5_014": 19.908189189189187,
          "div_src_test0001_1_003": 19.908189189189187,
          "div_src_test0001_1_006": 19.908189189189187,
          "div_src_test0001_1_005": 19.908189189189187,
          "div_src_test0001_1_008_pre": 19.908189189189187
        },
        "phase2b": 579.397,
        "phase2b_per_chunk": {
          "div_src_test0001_3_000_pre": 15.65937837837838,
          "div_src_test0001_5_000": 15.65937837837838,
          "div_src_test0001_5_002": 15.65937837837838,
          "div_src_test0001_5_003": 15.65937837837838,
          "div_src_test0001_5_004": 15.65937837837838,
          "div_src_test0001_5_005": 15.65937837837838,
          "div_src_test0001_5_006": 15.65937837837838,
          "div_src_test0001_5_007": 15.65937837837838,
          "div_src_test0001_5_008": 15.65937837837838,
          "div_src_test0001_5_001_pre": 15.65937837837838,
          "div_src_test0001_6_000": 15.65937837837838,
          "div_src_test0001_1_000_pre": 15.65937837837838,
          "div_src_test0001_6_001": 15.65937837837838,
          "div_src_test0001_3_001": 15.65937837837838,
          "div_src_test0001_3_003": 15.65937837837838,
          "div_src_test0001_3_002_pre": 15.65937837837838,
          "div_src_test0001_5_009": 15.65937837837838,
          "div_src_test0001_5_010_pre": 15.65937837837838,
          "div_src_test0001_6_002": 15.65937837837838,
          "div_src_test0001_3_004_pre": 15.65937837837838,
          "div_src_test0001_1_001_pre": 15.65937837837838,
          "div_src_test0001_3_005": 15.65937837837838,
          "div_src_test0001_1_002_pre": 15.65937837837838,
          "div_src_test0001_3_007": 15.65937837837838,
          "div_src_test0001_3_008": 15.65937837837838,
          "div_src_test0001_3_009": 15.65937837837838,
          "div_src_test0001_3_010": 15.65937837837838,
          "div_src_test0001_3_011_pre": 15.65937837837838,
          "div_src_test0001_6_004": 15.65937837837838,
          "div_src_test0001_5_011": 15.65937837837838,
          "div_src_test0001_5_012": 15.65937837837838,
          "div_src_test0001_5_013": 15.65937837837838,
          "div_src_test0001_5_014": 15.65937837837838,
          "div_src_test0001_1_003": 15.65937837837838,
          "div_src_test0001_1_006": 15.65937837837838,
          "div_src_test0001_1_005": 15.65937837837838,
          "div_src_test0001_1_008_pre": 15.65937837837838
        },
        "phase3": 1445.648,
        "write_output": 0.217
      },
      "total_time_seconds": 2761.98,
      "retry_count": 0,
      "timeout_errors": 0,
      "chunk_count": 38,
      "max_chunk_words": 3910,
      "min_chunk_words": 81,
      "mean_chunk_words": 622
    },
    {
      "name": "ibn_aqil_v1",
      "excerpt_count": 241,
      "flag_counts": {
        "attribution_consensus_escalated": 21,
        "hadith_evidence_no_takhrij": 5
      },
      "verification_skipped": 0,