{
  "load_package": 0.008,
  "phase1": 0.045,
  "phase2a": 446.795,
  "phase2a_per_chunk": {
    "div_src_test0001_2_000_pre": 27.9246875,
    "div_src_test0001_3_000": 27.9246875,
    "div_src_test0001_3_001": 27.9246875,
    "div_src_test0001_3_002": 27.9246875,
    "div_src_test0001_3_003": 27.9246875,
    "div_src_test0001_3_004": 27.9246875,
    "div_src_test0001_3_005": 27.9246875,
    "div_src_test0001_3_006": 27.9246875,
    "div_src_test0001_3_007": 27.9246875,
    "div_src_test0001_3_008": 27.9246875,
    "div_src_test0001_3_009": 27.9246875,
    "div_src_test0001_3_010": 27.9246875,
    "div_src_test0001_3_011": 27.9246875,
    "div_src_test0001_3_012": 27.9246875,
    "div_src_test0001_3_013_chunk_0": 27.9246875,
    "div_src_test0001_3_013_chunk_1": 27.9246875
  },
  "phase2b": 571.72,
  "phase2b_per_chunk": {
    "div_src_test0001_2_000_pre": 35.7325,
    "div_src_test0001_3_000": 35.7325,
    "div_src_test0001_3_001": 35.7325,
    "div_src_test0001_3_002": 35.7325,
    "div_src_test0001_3_003": 35.7325,
    "div_src_test0001_3_004": 35.7325,
    "div_src_test0001_3_005": 35.7325,
    "div_src_test0001_3_006": 35.7325,
    "div_src_test0001_3_007": 35.7325,
    "div_src_test0001_3_008": 35.7325,
    "div_src_test0001_3_009": 35.7325,
    "div_src_test0001_3_010": 35.7325,
    "div_src_test0001_3_011": 35.7325,
    "div_src_test0001_3_012": 35.7325,
    "div_src_test0001_3_013_chunk_0": 35.7325,
    "div_src_test0001_3_013_chunk_1": 35.7325
  },
  "phase3": 1283.19,
  "write_output": 0.035
}