{
  "load_package": 0.035,
  "phase1": 0.074,
  "phase2a": 3116.014,
  "phase2a_per_chunk": {
    "div_src_test0001_2_000": 222.5724285714286,
    "div_src_test0001_2_001": 222.5724285714286,
    "div_src_test0001_2_002": 222.5724285714286,
    "div_src_test0001_2_003": 222.5724285714286,
    "div_src_test0001_2_004": 222.5724285714286,
    "div_src_test0001_2_005": 222.5724285714286,
    "div_src_test0001_2_006": 222.5724285714286,
    "div_src_test0001_2_007": 222.5724285714286,
    "div_src_test0001_2_008_chunk_0": 222.5724285714286,
    "div_src_test0001_2_008_chunk_1": 222.5724285714286,
    "div_src_test0001_2_009_pre": 222.5724285714286,
    "div_src_test0001_3_000_pre": 222.5724285714286,
    "div_src_test0001_4_000": 222.5724285714286,
    "div_src_test0001_4_001": 222.5724285714286
  },
  "phase2b": 1099.585,
  "phase2b_per_chunk": {
    "div_src_test0001_2_000": 78.54178571428572,
    "div_src_test0001_2_001": 78.54178571428572,
    "div_src_test0001_2_002": 78.54178571428572,
    "div_src_test0001_2_003": 78.54178571428572,
    "div_src_test0001_2_004": 78.54178571428572,
    "div_src_test0001_2_005": 78.54178571428572,
    "div_src_test0001_2_006": 78.54178571428572,
    "div_src_test0001_2_007": 78.54178571428572,
    "div_src_test0001_2_008_chunk_0": 78.54178571428572,
    "div_src_test0001_2_008_chunk_1": 78.54178571428572,
    "div_src_test0001_2_009_pre": 78.54178571428572,
    "div_src_test0001_3_000_pre": 78.54178571428572,
    "div_src_test0001_4_000": 78.54178571428572,
    "div_src_test0001_4_001": 78.54178571428572
  },
  "phase3": 902.047,
  "write_output": 0.032
}